{"cameraMode":{"drawMode":0,"name":"Shaded","section":"Shading Mode"},"sceneLighting":true,"audioPlay":false,"sceneViewState":{"showFog":true,"showMaterialUpdate":true,"showSkybox":true,"showFlares":true,"showImageEffects":true,"showParticleSystems":true},"in2DMode":false,"pivot":{"x":1.6082210540771485,"y":-1.6299004554748536,"z":3.591282606124878},"rotation":{"x":0.1687704473733902,"y":-0.7491576075553894,"z":0.20879782736301423,"w":0.6055578589439392},"size":17.19478988647461,"orthographic":false}