{"cameraMode":{"drawMode":0,"name":"Shaded","section":"Shading Mode"},"sceneLighting":false,"audioPlay":false,"sceneViewState":{"showFog":true,"showMaterialUpdate":false,"showSkybox":true,"showFlares":true,"showImageEffects":true,"showParticleSystems":true},"in2DMode":false,"pivot":{"x":-0.2403213083744049,"y":0.0980619341135025,"z":-0.16570541262626649},"rotation":{"x":-0.008291172794997692,"y":-0.8746044635772705,"z":-0.015061095356941224,"w":0.48475268483161929},"size":1.3581955432891846,"orthographic":false}